Month,Total_Sales
2017-01,43971.373999999996
2017-02,20301.133399999995
2017-03,58872.352799999986
2017-04,36521.536100000005
2017-05,44261.110199999996
2017-06,52981.725699999995
2017-07,45264.416000000005
2017-08,63120.88799999998
2017-09,87866.65200000005
2017-10,77776.92319999998
2017-11,118447.82500000003
2017-12,83829.3188
