Region,Total_Sales,Total_Profit
South,391721.9050000003,46749.430300000065
West,725457.8245000006,108418.44890000018
Central,501239.8908000005,39706.36249999998
East,678781.2399999979,91522.78000000026
