State,Total_Profit
California,76381.38710000017
"New York",74038.54860000005
Washington,33402.651699999995
Michigan,24463.187599999994
Virginia,18597.9504
